<config>
	<remove xpath="/items/item[@name='meleeToolRepairT0StoneAxe']/property[@class='Action0']"/>
	<remove xpath="/items/item[@name='meleeToolRepairT0StoneAxe']/property[@class='Action1']"/>
	<insertBefore xpath="/items/item[@name='meleeToolRepairT0StoneAxe']/effect_group[@name='meleeToolRepairT0StoneAxe']">
		<property class="Action0">
			<property name="Class" value="DynamicMelee"/>
			<property name="Sphere" value=".1"/>
			<property name="Sound_start" value="axe_stone_swing"/>
			<property name="ToolCategory.Butcher" value="0" param1="4"/><!-- damage vs entity corpses -->
			<property name="GrazeStart" value=".15"/>
			<property name="GrazeEnd" value=".3"/>
			<property name="SwingDegrees" value="45"/>
			<property name="SwingAngle" value="135"/>
			<property name="UseGrazingHits" value="true"/>
			<property class="HitSounds">
				<property name="Override0" value="organic" param1="stonehitorganic"/>
			</property>
			<property class="GrazeSounds">
				<property name="Override0" value="organic" param1="metalgrazeorganic"/>
			</property>
		</property>
		<property class="Action1">
			<property name="Class" value="DynamicMelee"/>
			<property name="Sphere" value="0.15"/>
			<property name="Sound_start" value="swoosh"/>
			<property name="ToolCategory.harvestingTools" value="1" param1="1"/>
			<property name="ToolCategory.Butcher" value="0" param1="4"/>
			<property name="Sound_harvesting" value="open_animal" param1="organic"/>
			<property name="UsePowerAttackAnimation" value="true"/>
		</property>
	</insertBefore>
	<insertAfter xpath="/items/item[@name='meleeToolRepairT0StoneAxe']/effect_group[@name='meleeToolRepairT0StoneAxe']">
		<effect_group name="Power Attack">
			<passive_effect name="EntityDamage" operation="perc_add" value="1" tags="secondary"/>
			<passive_effect name="BlockDamage" operation="perc_add" value="1" tags="secondary"/>
			<passive_effect name="AttacksPerMinute" operation="perc_add" value="-.3" tags="secondary"/>
			<passive_effect name="StaminaLoss" operation="base_set" value="20" tags="secondary"/>
		</effect_group>
	</insertAfter>
	
	<remove xpath="/items/item[@name='meleeToolRepairT1ClawHammer']/property[@class='Action1']"/>
	<remove xpath="/items/item[@name='meleeToolRepairT3Nailgun']/property[@class='Action1']"/>
	<remove xpath="/items/item//property[@name='RepairTools']"/>
</config>